Product ID,Market Trends,Customer Demographics,Sales Data,Marketing Campaign Performance
PDD0001,Tech Innovation,Age 20-30,3783.1488884772675,1.6
PDD0002,Sustainability Focus,Age 31-40,4331.124483157828,3.8
PDD0003,E-commerce Growth,Age 41-50,4002.2663645489997,2.4
PDD0004,E-commerce Growth,Age 31-40,3381.2247922909714,2.3
PDD0005,E-commerce Growth,Age 20-30,3737.2162166823427,2.5
PDD0006,Sustainability Focus,Age 20-30,3526.0709796085375,1.5
PDD0007,Tech Innovation,Age 31-40,2307.30891193655,2.6
PDD0008,E-commerce Growth,Age 20-30,4121.370096485184,2.0
PDD0009,Sustainability Focus,Age 41-50,3024.9281855317827,3.7
PDD0010,Sustainability Focus,Age 31-40,3579.8921921059145,1.2
PDD0011,Tech Innovation,Age 31-40,3879.1408418136552,2.4
PDD0012,Tech Innovation,Age 41-50,1452.5011129629831,2.8
PDD0013,Tech Innovation,Age 20-30,2003.9954085104962,0.7
PDD0014,Sustainability Focus,Age 31-40,2578.908000934081,1.9
PDD0015,Sustainability Focus,Age 31-40,2526.0608144689386,3.1
PDD0016,Tech Innovation,Age 41-50,1116.9589784042241,3.4
PDD0017,E-commerce Growth,Age 20-30,2414.281827374586,1.8
PDD0018,Tech Innovation,Age 31-40,2528.1873665168796,3.4
PDD0019,Tech Innovation,Age 20-30,1216.914076634341,3.8
PDD0020,Tech Innovation,Age 31-40,3373.7034285138293,3.5
PDD0021,Tech Innovation,Age 20-30,2976.650619796773,1.2
PDD0022,E-commerce Growth,Age 31-40,3973.392008024532,3.3
PDD0023,E-commerce Growth,Age 20-30,2958.5560045687575,1.7
PDD0024,Tech Innovation,Age 20-30,3795.8597689934263,3.9
PDD0025,Sustainability Focus,Age 31-40,4388.970774751297,2.4
PDD0026,Sustainability Focus,Age 20-30,3971.6695959682193,1.1
PDD0027,E-commerce Growth,Age 20-30,1160.391079312678,3.1
PDD0028,Tech Innovation,Age 41-50,3824.7376162370274,1.8
PDD0029,Sustainability Focus,Age 41-50,2545.8211490974113,3.7
PDD0030,E-commerce Growth,Age 41-50,3959.4467919512213,3.9
PDD0031,E-commerce Growth,Age 41-50,2962.2481473529956,2.9
PDD0032,E-commerce Growth,Age 20-30,3725.6453388656414,1.2
PDD0033,E-commerce Growth,Age 31-40,2583.6328623156132,2.9
PDD0034,Tech Innovation,Age 31-40,2351.4012308507713,1.1
PDD0035,E-commerce Growth,Age 41-50,2569.550271073914,1.0
PDD0036,Sustainability Focus,Age 31-40,1794.0995873859133,3.5
PDD0037,Tech Innovation,Age 31-40,3656.7668713850308,1.4
PDD0038,E-commerce Growth,Age 20-30,1350.6945957591615,1.9
PDD0039,Sustainability Focus,Age 20-30,2619.9291964596678,4.0
PDD0040,Sustainability Focus,Age 31-40,1185.5595189893056,1.7
PDD0041,Sustainability Focus,Age 20-30,2015.489004186287,1.7
PDD0042,Tech Innovation,Age 41-50,3020.768480174767,3.8
PDD0043,Tech Innovation,Age 41-50,4217.376811091573,1.2
PDD0044,Sustainability Focus,Age 31-40,1293.4752449055898,3.3
PDD0045,Tech Innovation,Age 31-40,2599.1592382865006,4.0
PDD0046,E-commerce Growth,Age 41-50,3833.407254571882,3.6
PDD0047,E-commerce Growth,Age 31-40,3743.6906899327605,2.8
PDD0048,E-commerce Growth,Age 31-40,3835.937650664243,2.0
PDD0049,Tech Innovation,Age 20-30,2168.214797539807,1.6
PDD0050,Tech Innovation,Age 20-30,1477.354625972016,3.5
PDD0051,Tech Innovation,Age 41-50,3531.290144243293,3.6
PDD0052,Sustainability Focus,Age 41-50,3443.5713475267094,2.4
PDD0053,E-commerce Growth,Age 41-50,2861.681403658334,1.5
PDD0054,Sustainability Focus,Age 41-50,1890.3049331965642,1.1
PDD0055,Sustainability Focus,Age 41-50,1527.9580101651834,1.2
PDD0056,E-commerce Growth,Age 20-30,2836.9146672109464,3.1
PDD0057,Tech Innovation,Age 31-40,2266.004626127046,2.3
PDD0058,Sustainability Focus,Age 41-50,1313.0160043979513,3.6
PDD0059,Sustainability Focus,Age 41-50,1915.5712086612486,3.2
PDD0060,Tech Innovation,Age 20-30,3284.4313809087253,1.3
PDD0061,Tech Innovation,Age 20-30,1353.6771218921936,2.8
PDD0062,E-commerce Growth,Age 20-30,1988.7642726085828,2.0
PDD0063,Sustainability Focus,Age 20-30,3110.57305936398,2.7
PDD0064,E-commerce Growth,Age 31-40,1122.3843023056218,3.2
PDD0065,Sustainability Focus,Age 31-40,2323.005992592053,3.5
PDD0066,E-commerce Growth,Age 20-30,1611.391340293903,3.4
PDD0067,E-commerce Growth,Age 20-30,1634.7564619063596,1.7
PDD0068,Tech Innovation,Age 41-50,2921.631343677498,0.8
PDD0069,Sustainability Focus,Age 31-40,1304.0135207104872,3.2
PDD0070,E-commerce Growth,Age 41-50,3009.7125315570893,1.0
PDD0071,Tech Innovation,Age 20-30,1367.837050224458,1.9
PDD0072,Tech Innovation,Age 41-50,4172.24531761897,0.5
PDD0073,Tech Innovation,Age 20-30,1937.0070462151753,2.9
PDD0074,Sustainability Focus,Age 31-40,2226.726461529159,1.4
PDD0075,E-commerce Growth,Age 41-50,3624.485673911499,3.1
PDD0076,Sustainability Focus,Age 41-50,2177.6164296773763,3.8
PDD0077,Sustainability Focus,Age 41-50,1996.969329804709,1.0
PDD0078,Tech Innovation,Age 31-40,1156.498116443069,1.0
PDD0079,Sustainability Focus,Age 31-40,3743.2063432633845,1.7
PDD0080,Sustainability Focus,Age 41-50,4042.94981629861,3.5
PDD0081,E-commerce Growth,Age 41-50,3836.4542575226606,1.5
PDD0082,Tech Innovation,Age 41-50,4099.201480340107,2.0
PDD0083,Tech Innovation,Age 20-30,1968.9306212992367,1.0
PDD0084,E-commerce Growth,Age 20-30,1407.6828776400357,3.1
PDD0085,Sustainability Focus,Age 20-30,2460.9102158256137,1.9
PDD0086,E-commerce Growth,Age 31-40,3944.9095789757503,3.2
PDD0087,E-commerce Growth,Age 41-50,1378.810731769838,3.7
PDD0088,Sustainability Focus,Age 20-30,1950.6015735922758,1.7
PDD0089,Tech Innovation,Age 41-50,4061.7447038483347,3.3
PDD0090,E-commerce Growth,Age 31-40,1690.6592462259246,1.1
PDD0091,Sustainability Focus,Age 20-30,2519.149442644736,3.7
PDD0092,Tech Innovation,Age 41-50,3398.6912130940186,3.0
PDD0093,E-commerce Growth,Age 31-40,1598.7146642747934,3.6
PDD0094,E-commerce Growth,Age 31-40,1284.5289943125874,0.8
PDD0095,Tech Innovation,Age 20-30,1771.8678937477027,1.1
PDD0096,E-commerce Growth,Age 31-40,3598.4512328901183,2.1
PDD0097,E-commerce Growth,Age 31-40,2249.6596425641205,1.9
PDD0098,Sustainability Focus,Age 20-30,3060.88454192502,1.6
PDD0099,E-commerce Growth,Age 41-50,3904.577407481639,1.9
PDD0100,E-commerce Growth,Age 31-40,1874.9908397594668,1.2
PDD0101,Sustainability Focus,Age 41-50,2802.2306529907823,2.2
PDD0102,Sustainability Focus,Age 41-50,3821.241199385545,3.4
PDD0103,Tech Innovation,Age 41-50,1341.157118968526,2.3
PDD0104,Tech Innovation,Age 20-30,1639.848706710247,1.0
PDD0105,Tech Innovation,Age 31-40,3477.537328127754,2.2
PDD0106,Sustainability Focus,Age 20-30,3591.4487854187837,0.8
PDD0107,E-commerce Growth,Age 41-50,4162.009778746198,3.8
PDD0108,E-commerce Growth,Age 31-40,3273.8008191733325,1.2
PDD0109,E-commerce Growth,Age 41-50,4135.697380960445,3.0
PDD0110,E-commerce Growth,Age 41-50,3541.8730489415316,3.9
PDD0111,Sustainability Focus,Age 20-30,3101.518175716914,3.5
PDD0112,Tech Innovation,Age 20-30,3775.801091711883,3.0
PDD0113,Tech Innovation,Age 31-40,3721.7415486383074,3.5
PDD0114,Tech Innovation,Age 31-40,3988.043325932018,3.9
PDD0115,Sustainability Focus,Age 41-50,3792.9804890738883,2.8
PDD0116,Tech Innovation,Age 41-50,1615.3301645285392,2.5
PDD0117,Sustainability Focus,Age 41-50,2200.3833870441085,3.0
PDD0118,E-commerce Growth,Age 20-30,3786.1125700182242,2.4
PDD0119,Sustainability Focus,Age 31-40,3455.3434327872246,2.9
PDD0120,Sustainability Focus,Age 20-30,3535.1655591569674,2.1
PDD0121,Tech Innovation,Age 20-30,3034.695651506832,1.6
PDD0122,E-commerce Growth,Age 41-50,4382.626394647805,1.2
PDD0123,Sustainability Focus,Age 41-50,3429.21609232548,1.0
PDD0124,Sustainability Focus,Age 41-50,2477.682969233285,1.7
PDD0125,Sustainability Focus,Age 20-30,2759.8185220594514,1.0
PDD0126,Sustainability Focus,Age 41-50,3155.430566711917,2.6
PDD0127,Tech Innovation,Age 20-30,3692.7444315829957,1.7
PDD0128,Tech Innovation,Age 20-30,2058.9295665268373,3.5
PDD0129,Tech Innovation,Age 20-30,3502.767392250139,0.9
PDD0130,E-commerce Growth,Age 31-40,2508.9045233712072,1.4
PDD0131,Tech Innovation,Age 20-30,3510.2331993354032,3.1
PDD0132,Sustainability Focus,Age 41-50,1159.1012025610855,2.5
PDD0133,Sustainability Focus,Age 41-50,3195.702447125072,0.9
PDD0134,E-commerce Growth,Age 31-40,1670.7069522225909,3.8
PDD0135,E-commerce Growth,Age 41-50,1497.1731486453812,3.8
PDD0136,Sustainability Focus,Age 41-50,1674.4919602361904,1.8
PDD0137,Tech Innovation,Age 41-50,2766.735416651991,2.0
PDD0138,Tech Innovation,Age 31-40,4329.127719258644,4.1
PDD0139,Sustainability Focus,Age 20-30,2073.7552787435566,2.8
PDD0140,E-commerce Growth,Age 31-40,3852.505435079208,2.5
PDD0141,Sustainability Focus,Age 31-40,1623.084574537207,3.6
PDD0142,E-commerce Growth,Age 41-50,3924.2660503186153,1.8
PDD0143,Tech Innovation,Age 41-50,4132.717670164401,2.2
PDD0144,Tech Innovation,Age 31-40,3141.4488964269203,1.5
PDD0145,Sustainability Focus,Age 20-30,3914.8694433504847,3.6
PDD0146,Tech Innovation,Age 31-40,2310.301926208491,2.9
PDD0147,Sustainability Focus,Age 20-30,4191.905543238581,2.7
PDD0148,Sustainability Focus,Age 41-50,1583.301687089172,1.7
PDD0149,E-commerce Growth,Age 31-40,4105.335402613315,1.7
PDD0150,Sustainability Focus,Age 20-30,3720.2607965512357,2.5
PDD0151,Sustainability Focus,Age 31-40,1182.4390163691942,3.3
PDD0152,Tech Innovation,Age 31-40,1398.1508797939878,2.3
PDD0153,E-commerce Growth,Age 41-50,3908.484751295145,1.0
PDD0154,E-commerce Growth,Age 20-30,2717.488069418697,3.6
PDD0155,E-commerce Growth,Age 20-30,3158.28321590887,1.1
PDD0156,Tech Innovation,Age 20-30,2443.7857944066473,3.7
PDD0157,E-commerce Growth,Age 20-30,2614.509571779762,0.8
PDD0158,Tech Innovation,Age 20-30,3706.0590082275544,3.0
PDD0159,E-commerce Growth,Age 41-50,2221.944553644635,1.0
PDD0160,Sustainability Focus,Age 31-40,1965.6720127325475,3.7
PDD0161,E-commerce Growth,Age 41-50,2260.2145105158393,2.3
PDD0162,Tech Innovation,Age 31-40,2536.945952687507,1.3
PDD0163,Tech Innovation,Age 20-30,2577.8204577642255,1.9
PDD0164,Sustainability Focus,Age 41-50,3151.8523277416602,1.4
PDD0165,Sustainability Focus,Age 31-40,1688.283845338438,1.2
PDD0166,Tech Innovation,Age 31-40,3582.8295318105966,3.9
PDD0167,E-commerce Growth,Age 31-40,3567.727167931207,2.3
PDD0168,Sustainability Focus,Age 20-30,4002.4144636458013,3.2
PDD0169,Sustainability Focus,Age 41-50,3081.69355994822,3.0
PDD0170,E-commerce Growth,Age 31-40,1262.7191897767755,2.9
PDD0171,Tech Innovation,Age 20-30,2324.9504791027703,1.3
PDD0172,Sustainability Focus,Age 41-50,2218.86985595596,1.6
PDD0173,Sustainability Focus,Age 31-40,3864.5226193526346,3.4
PDD0174,Tech Innovation,Age 20-30,2650.101807317578,3.9
PDD0175,E-commerce Growth,Age 31-40,3267.1124916338954,1.7
PDD0176,E-commerce Growth,Age 20-30,3514.5667476595436,1.8
PDD0177,Sustainability Focus,Age 41-50,3715.9585661849096,2.5
PDD0178,Tech Innovation,Age 31-40,4262.670773127847,4.0
PDD0179,E-commerce Growth,Age 20-30,1657.4760780789816,1.7
PDD0180,Tech Innovation,Age 20-30,3438.9292137609095,1.9
PDD0181,Sustainability Focus,Age 20-30,3433.870056348251,3.4
PDD0182,E-commerce Growth,Age 41-50,3058.9247183874827,0.8
PDD0183,Tech Innovation,Age 20-30,1863.489234033788,0.9
PDD0184,Tech Innovation,Age 31-40,3521.79110651794,2.7
PDD0185,Sustainability Focus,Age 41-50,2873.755412912088,3.7
PDD0186,E-commerce Growth,Age 31-40,1598.8104885786868,1.7
PDD0187,Sustainability Focus,Age 20-30,3154.3296651923943,2.3
PDD0188,Sustainability Focus,Age 20-30,2996.593926923952,2.3
PDD0189,E-commerce Growth,Age 31-40,2236.682059899622,2.3
PDD0190,Tech Innovation,Age 31-40,1445.6020004195582,2.8
PDD0191,Tech Innovation,Age 41-50,3121.953178025439,2.5
PDD0192,Tech Innovation,Age 20-30,2195.8341257628595,2.3
PDD0193,E-commerce Growth,Age 41-50,4045.3686389764403,2.3
PDD0194,Sustainability Focus,Age 20-30,2337.551688510192,2.8
PDD0195,Tech Innovation,Age 31-40,3575.953162217709,2.7
PDD0196,Tech Innovation,Age 41-50,3833.494673585079,3.5
PDD0197,E-commerce Growth,Age 20-30,1864.598284517872,1.0
PDD0198,E-commerce Growth,Age 31-40,4234.664618770169,3.4
PDD0199,Sustainability Focus,Age 41-50,4047.720611987252,3.5
PDD0200,Sustainability Focus,Age 41-50,4174.5861899077445,1.6
PDD0201,Tech Innovation,Age 41-50,2967.7811624430706,2.3
PDD0202,Tech Innovation,Age 31-40,2668.2961143797193,2.4
PDD0203,E-commerce Growth,Age 41-50,3315.2063176798392,1.5
PDD0204,Sustainability Focus,Age 20-30,1344.4488424881056,1.9
PDD0205,Tech Innovation,Age 31-40,1925.1264087758946,1.0
PDD0206,E-commerce Growth,Age 41-50,4023.1740846168045,1.8
PDD0207,Sustainability Focus,Age 31-40,1279.5242607995174,3.6
PDD0208,Sustainability Focus,Age 20-30,1966.472834946643,1.6
PDD0209,Sustainability Focus,Age 41-50,3576.268549058337,3.6
PDD0210,E-commerce Growth,Age 31-40,2139.5335568985024,2.7
PDD0211,Sustainability Focus,Age 31-40,1582.286470445192,3.5
PDD0212,E-commerce Growth,Age 20-30,2991.5704714133635,2.6
PDD0213,E-commerce Growth,Age 20-30,1766.7327912515343,0.8
PDD0214,E-commerce Growth,Age 31-40,4349.781136428819,3.1
PDD0215,Sustainability Focus,Age 41-50,2130.647330387894,0.8
PDD0216,Tech Innovation,Age 41-50,3761.494815461705,2.2
PDD0217,Tech Innovation,Age 31-40,3225.103625951817,3.8
PDD0218,E-commerce Growth,Age 20-30,3465.166416872336,1.3
PDD0219,E-commerce Growth,Age 41-50,4343.746282537649,2.0
PDD0220,Tech Innovation,Age 41-50,3552.321586653391,3.1
PDD0221,Sustainability Focus,Age 20-30,4028.448703420823,3.8
PDD0222,Tech Innovation,Age 20-30,3381.920864548676,2.9
PDD0223,Tech Innovation,Age 20-30,3583.6178816279858,1.6
PDD0224,Sustainability Focus,Age 31-40,1560.4662511943318,2.8
PDD0225,E-commerce Growth,Age 31-40,3691.581088565172,1.8
PDD0226,Tech Innovation,Age 31-40,1756.5851139264946,3.2
PDD0227,E-commerce Growth,Age 20-30,1262.7215541966043,3.8
PDD0228,Sustainability Focus,Age 31-40,3692.955504369152,3.2
PDD0229,Sustainability Focus,Age 20-30,1433.2562473056792,3.5
PDD0230,Sustainability Focus,Age 31-40,2567.0584594831803,0.6
PDD0231,Sustainability Focus,Age 31-40,1198.9081179197076,3.2
PDD0232,Sustainability Focus,Age 41-50,1238.5365704281676,3.6
PDD0233,E-commerce Growth,Age 20-30,3759.444188730212,0.8
PDD0234,Sustainability Focus,Age 41-50,3873.4897083519722,3.6
PDD0235,E-commerce Growth,Age 20-30,2398.929280139072,1.7
PDD0236,Sustainability Focus,Age 31-40,1368.0635645127902,2.9
PDD0237,E-commerce Growth,Age 31-40,4266.6857367224775,3.2
PDD0238,Sustainability Focus,Age 31-40,3659.403539541445,3.0
PDD0239,Sustainability Focus,Age 20-30,1819.5123542242525,1.3
PDD0240,E-commerce Growth,Age 20-30,1221.9767347271747,2.7
PDD0241,Tech Innovation,Age 31-40,3873.5102090529917,2.6
PDD0242,Sustainability Focus,Age 41-50,4039.8132664249156,3.6
PDD0243,E-commerce Growth,Age 31-40,1944.0273149883938,2.1
PDD0244,E-commerce Growth,Age 31-40,4031.9096545206758,1.9
PDD0245,Tech Innovation,Age 31-40,1569.8422149619996,3.2
PDD0246,Sustainability Focus,Age 31-40,3720.6036483059593,2.1
PDD0247,Tech Innovation,Age 41-50,2805.1062555688836,2.9
PDD0248,E-commerce Growth,Age 41-50,1163.1236762202734,2.9
PDD0249,Sustainability Focus,Age 41-50,2202.3748046797714,3.8
PDD0250,Tech Innovation,Age 20-30,3570.501080966828,2.7
PDD0251,Sustainability Focus,Age 31-40,3171.9513643592104,2.3
PDD0252,E-commerce Growth,Age 20-30,3086.1082800148474,1.5
PDD0253,Tech Innovation,Age 31-40,1946.0733021236674,1.2
PDD0254,E-commerce Growth,Age 41-50,1613.4077747945903,1.3
PDD0255,E-commerce Growth,Age 31-40,3111.0288389995562,1.2
PDD0256,Tech Innovation,Age 41-50,4071.2913216439347,2.8
PDD0257,Tech Innovation,Age 31-40,2395.2938463510395,3.1
PDD0258,Tech Innovation,Age 31-40,3924.6639466841966,2.5
PDD0259,E-commerce Growth,Age 41-50,3001.208636502603,3.4
PDD0260,Sustainability Focus,Age 31-40,2646.087249303585,4.0
PDD0261,Sustainability Focus,Age 41-50,2069.389960064245,3.3
PDD0262,Sustainability Focus,Age 41-50,3463.9906715160055,3.2
PDD0263,Sustainability Focus,Age 31-40,1536.1334548748841,2.4
PDD0264,Sustainability Focus,Age 41-50,4367.062562641219,2.3
PDD0265,Sustainability Focus,Age 20-30,4135.284199311134,1.0
PDD0266,Tech Innovation,Age 20-30,3660.4969138053107,2.0
PDD0267,Sustainability Focus,Age 31-40,2141.39634081819,3.6
PDD0268,E-commerce Growth,Age 41-50,4059.1968279102266,3.4
PDD0269,E-commerce Growth,Age 20-30,2776.6566117994694,1.4
PDD0270,Sustainability Focus,Age 20-30,4113.240653091649,2.4
PDD0271,E-commerce Growth,Age 41-50,1776.3776010338183,3.4
PDD0272,E-commerce Growth,Age 20-30,2186.163414308002,1.1
PDD0273,Sustainability Focus,Age 20-30,2289.165883841727,2.1
PDD0274,Tech Innovation,Age 31-40,3253.63722104756,3.5
PDD0275,Tech Innovation,Age 31-40,3464.036487314888,2.1
PDD0276,Sustainability Focus,Age 41-50,4106.864244314824,1.0
PDD0277,Tech Innovation,Age 41-50,3150.0148090664725,2.7
PDD0278,Tech Innovation,Age 20-30,2105.610656048556,3.5
PDD0279,Sustainability Focus,Age 31-40,3364.874284283343,2.7
PDD0280,E-commerce Growth,Age 41-50,3511.678891458444,1.5
PDD0281,Tech Innovation,Age 20-30,3431.5622513333187,1.9
PDD0282,Sustainability Focus,Age 31-40,3830.5511501835526,2.4
PDD0283,E-commerce Growth,Age 41-50,4392.422385576419,2.7
PDD0284,Tech Innovation,Age 31-40,2056.641131548985,3.2
PDD0285,Sustainability Focus,Age 20-30,2925.6382979936293,1.1
PDD0286,Tech Innovation,Age 20-30,1896.645885550203,3.8
PDD0287,Tech Innovation,Age 20-30,2057.4843025197956,0.7
PDD0288,Sustainability Focus,Age 31-40,2490.5734702189566,2.0
PDD0289,E-commerce Growth,Age 41-50,1844.1652116481032,1.1
PDD0290,Sustainability Focus,Age 41-50,4395.224733828557,2.0
PDD0291,E-commerce Growth,Age 20-30,1175.2991663463456,2.5
PDD0292,Sustainability Focus,Age 20-30,3228.4499483243535,2.4
PDD0293,Sustainability Focus,Age 20-30,3990.2350613029184,1.4
PDD0294,Tech Innovation,Age 20-30,3636.383930373318,2.9
PDD0295,E-commerce Growth,Age 31-40,3828.41645616473,0.9
PDD0296,E-commerce Growth,Age 20-30,2545.9631051879082,3.2
PDD0297,E-commerce Growth,Age 20-30,4214.439864424008,3.8
PDD0298,Tech Innovation,Age 41-50,3644.713329391783,1.7
PDD0299,Sustainability Focus,Age 31-40,1234.3702150774673,2.4
PDD0300,Tech Innovation,Age 20-30,3696.3255350861104,2.0
PDD0301,Sustainability Focus,Age 31-40,1686.0376890298476,0.7
PDD0302,Sustainability Focus,Age 20-30,3382.506252963298,2.0
PDD0303,Sustainability Focus,Age 31-40,1905.9159039372107,3.3
PDD0304,Sustainability Focus,Age 20-30,2705.891794469538,2.7
PDD0305,Sustainability Focus,Age 20-30,1188.2936767118942,1.3
PDD0306,Tech Innovation,Age 31-40,1343.9202582223709,3.6
PDD0307,E-commerce Growth,Age 20-30,1497.761959667964,2.5
PDD0308,Sustainability Focus,Age 20-30,1887.034044089063,3.7
PDD0309,Tech Innovation,Age 31-40,2352.9595904003377,2.6
PDD0310,Tech Innovation,Age 41-50,2905.6973255931757,2.6
PDD0311,Tech Innovation,Age 41-50,1335.9427445159067,1.0
PDD0312,Tech Innovation,Age 20-30,3428.9688062565874,1.5
PDD0313,Tech Innovation,Age 31-40,3978.8871573889287,4.1
PDD0314,Sustainability Focus,Age 41-50,3421.207542502364,1.6
PDD0315,E-commerce Growth,Age 31-40,2304.4193354238846,4.1
PDD0316,Sustainability Focus,Age 41-50,1227.7782863949167,2.2
PDD0317,Sustainability Focus,Age 20-30,1751.0100013165802,1.4
PDD0318,E-commerce Growth,Age 31-40,1334.145269705658,1.1
PDD0319,Sustainability Focus,Age 20-30,4175.430721739695,1.7
PDD0320,E-commerce Growth,Age 20-30,3533.722379091574,3.9
PDD0321,Sustainability Focus,Age 20-30,2646.9419826185813,2.2
PDD0322,E-commerce Growth,Age 31-40,1152.0035466195757,2.0
PDD0323,Tech Innovation,Age 41-50,2806.67292482671,1.9
PDD0324,E-commerce Growth,Age 20-30,1246.4105424400134,1.1
PDD0325,Sustainability Focus,Age 31-40,2640.679691992582,2.5
PDD0326,Sustainability Focus,Age 41-50,3034.2989201010014,0.9
PDD0327,E-commerce Growth,Age 20-30,3829.093542146881,3.4
PDD0328,Tech Innovation,Age 41-50,4278.517953630686,2.2
PDD0329,Sustainability Focus,Age 41-50,1806.0281852293049,2.1
PDD0330,Tech Innovation,Age 31-40,4224.771772277746,2.2
PDD0331,E-commerce Growth,Age 31-40,3847.058867571746,2.1
PDD0332,E-commerce Growth,Age 31-40,3714.2712011470453,3.9
PDD0333,E-commerce Growth,Age 41-50,3164.707069424671,2.6
PDD0334,Tech Innovation,Age 41-50,2264.3476402841143,1.2
PDD0335,Tech Innovation,Age 31-40,3874.937195257825,2.8
PDD0336,E-commerce Growth,Age 41-50,1598.853461334034,1.2
PDD0337,E-commerce Growth,Age 41-50,2323.476558396663,0.9
PDD0338,E-commerce Growth,Age 41-50,1782.5131232216438,4.0
PDD0339,Tech Innovation,Age 31-40,2646.847949304657,3.3
PDD0340,Tech Innovation,Age 20-30,3911.967790063601,4.2
PDD0341,Tech Innovation,Age 20-30,3196.3824368580063,2.4
PDD0342,E-commerce Growth,Age 31-40,4320.952342197053,2.6
PDD0343,Tech Innovation,Age 41-50,3600.077942334327,1.5
PDD0344,Sustainability Focus,Age 31-40,1166.9413636876952,1.7
PDD0345,Tech Innovation,Age 20-30,3623.0751272711223,3.5
PDD0346,Tech Innovation,Age 31-40,3019.125667093495,2.0
PDD0347,Sustainability Focus,Age 20-30,2717.472750584852,3.4
PDD0348,Tech Innovation,Age 20-30,3178.442575481625,2.9
PDD0349,E-commerce Growth,Age 31-40,1474.364970620543,1.3
PDD0350,Sustainability Focus,Age 31-40,2939.4151995052466,2.5
PDD0351,E-commerce Growth,Age 20-30,3006.764920466028,3.0
PDD0352,Sustainability Focus,Age 41-50,2724.5780627286213,1.6
PDD0353,Tech Innovation,Age 41-50,2920.5689366936017,3.5
PDD0354,Sustainability Focus,Age 20-30,1721.5247175830993,2.6
PDD0355,Tech Innovation,Age 41-50,3376.5601762165334,1.4
PDD0356,Tech Innovation,Age 20-30,3576.4458323752215,2.7
PDD0357,E-commerce Growth,Age 20-30,1670.902452270585,3.9
PDD0358,Sustainability Focus,Age 20-30,3098.6982753219213,1.2
PDD0359,Sustainability Focus,Age 31-40,1808.6508923688764,3.4
PDD0360,Tech Innovation,Age 31-40,1282.6778530162107,1.5
PDD0361,E-commerce Growth,Age 31-40,1230.8590096498701,3.2
PDD0362,E-commerce Growth,Age 20-30,4008.934494797971,3.3
PDD0363,Tech Innovation,Age 31-40,3305.257779106102,1.8
PDD0364,E-commerce Growth,Age 41-50,2744.447860963928,1.9
PDD0365,E-commerce Growth,Age 41-50,3659.8212868038045,3.3
PDD0366,Tech Innovation,Age 31-40,2565.4847846128255,2.3
PDD0367,E-commerce Growth,Age 31-40,1471.6951418429883,3.0
PDD0368,Tech Innovation,Age 20-30,3977.3417841405962,1.3
PDD0369,E-commerce Growth,Age 31-40,4155.267583082395,3.5
PDD0370,Tech Innovation,Age 31-40,1215.1526412333196,3.1
PDD0371,Sustainability Focus,Age 31-40,1540.9999906076132,3.7
PDD0372,E-commerce Growth,Age 20-30,3620.2627002333575,1.1
PDD0373,E-commerce Growth,Age 41-50,3552.6993440131027,2.6
PDD0374,E-commerce Growth,Age 20-30,4056.920029485203,2.6
PDD0375,E-commerce Growth,Age 31-40,4280.5554599729,2.0
PDD0376,E-commerce Growth,Age 31-40,1746.414913321568,2.3
PDD0377,Tech Innovation,Age 41-50,4196.336087466345,0.9
PDD0378,E-commerce Growth,Age 31-40,1473.2162339420192,3.4
PDD0379,Tech Innovation,Age 20-30,3595.446658375856,2.7
PDD0380,Sustainability Focus,Age 20-30,2578.858747425323,1.1
PDD0381,Sustainability Focus,Age 20-30,2618.90859760542,2.9
PDD0382,Tech Innovation,Age 20-30,4275.876509145471,2.4
PDD0383,Sustainability Focus,Age 31-40,3156.3791343803236,0.9
PDD0384,Tech Innovation,Age 20-30,1307.4595824578535,3.8
PDD0385,E-commerce Growth,Age 31-40,2834.4586412766603,3.8
PDD0386,Tech Innovation,Age 20-30,2228.3571913520523,2.4
PDD0387,Sustainability Focus,Age 41-50,2833.1208833420533,1.0
PDD0388,Tech Innovation,Age 41-50,2066.227432735037,3.1
PDD0389,Sustainability Focus,Age 20-30,3765.8807290216955,2.5
PDD0390,Tech Innovation,Age 41-50,3184.7452554068723,1.8
PDD0391,Sustainability Focus,Age 41-50,2344.6011172255935,2.3
PDD0392,E-commerce Growth,Age 41-50,2400.2535774442736,2.5
PDD0393,Tech Innovation,Age 41-50,1686.3212335604833,2.6
PDD0394,E-commerce Growth,Age 31-40,3392.0767317683985,2.3
PDD0395,E-commerce Growth,Age 20-30,1606.9959755528057,2.7
PDD0396,E-commerce Growth,Age 41-50,3258.4918604483096,3.6
PDD0397,Sustainability Focus,Age 31-40,3242.4320654838148,1.9
PDD0398,Sustainability Focus,Age 41-50,2604.3857892385436,3.0
PDD0399,E-commerce Growth,Age 31-40,3874.7278495172327,3.7
PDD0400,Tech Innovation,Age 20-30,1612.3284597373722,2.3
PDD0401,Sustainability Focus,Age 31-40,3524.962688849099,2.1
PDD0402,Sustainability Focus,Age 20-30,3317.52932375084,2.7
PDD0403,E-commerce Growth,Age 31-40,1315.9588773816565,2.8
PDD0404,Sustainability Focus,Age 31-40,2023.4800775530678,3.2
PDD0405,Tech Innovation,Age 41-50,1309.9941468215861,2.3
PDD0406,Sustainability Focus,Age 41-50,1459.927510592577,4.0
PDD0407,Sustainability Focus,Age 31-40,4085.0332117698504,1.1
PDD0408,Tech Innovation,Age 31-40,1708.3737174711277,0.9
PDD0409,Tech Innovation,Age 31-40,2243.8926362659968,3.0
PDD0410,Sustainability Focus,Age 20-30,3392.0861109255356,1.8
PDD0411,Tech Innovation,Age 31-40,3183.4864635032263,1.6
PDD0412,Sustainability Focus,Age 20-30,2180.392622524434,1.9
PDD0413,Tech Innovation,Age 20-30,3102.21928093082,1.5
PDD0414,E-commerce Growth,Age 20-30,4381.121216129712,0.6
PDD0415,Sustainability Focus,Age 20-30,1362.3561740313598,3.7
PDD0416,E-commerce Growth,Age 20-30,3117.0375422372863,1.5
PDD0417,Sustainability Focus,Age 20-30,1188.1195817158853,3.1
PDD0418,Tech Innovation,Age 20-30,3323.0546390253307,3.2
PDD0419,E-commerce Growth,Age 31-40,3159.295923095734,3.8
PDD0420,Sustainability Focus,Age 20-30,3381.012090054705,1.0
PDD0421,Tech Innovation,Age 31-40,1942.6474979192958,3.6
PDD0422,Tech Innovation,Age 31-40,2627.9283592196884,2.5
PDD0423,E-commerce Growth,Age 20-30,2925.595973026488,2.7
PDD0424,Sustainability Focus,Age 31-40,3496.5176441231174,2.8
PDD0425,E-commerce Growth,Age 31-40,1946.9438904892988,3.5
PDD0426,Sustainability Focus,Age 20-30,1174.1745545389383,1.9
PDD0427,Tech Innovation,Age 31-40,4251.185446353837,3.2
PDD0428,Tech Innovation,Age 31-40,3245.7044744132927,2.5
PDD0429,Tech Innovation,Age 41-50,3138.4602557701232,3.4
PDD0430,Sustainability Focus,Age 41-50,3819.918987383517,4.2
PDD0431,Sustainability Focus,Age 20-30,3308.4523181132618,1.4
PDD0432,Tech Innovation,Age 20-30,1701.6528302122545,3.9
PDD0433,Sustainability Focus,Age 20-30,3146.069773956708,0.9
PDD0434,Sustainability Focus,Age 20-30,3174.5811549874925,0.9
PDD0435,Tech Innovation,Age 20-30,1657.846426779925,0.9
PDD0436,Tech Innovation,Age 41-50,3050.643661714392,2.0
PDD0437,Sustainability Focus,Age 41-50,3621.057785488395,2.8
PDD0438,Sustainability Focus,Age 31-40,4320.331888101322,1.0
PDD0439,E-commerce Growth,Age 41-50,2757.7903334182843,0.7
PDD0440,Sustainability Focus,Age 20-30,2551.0288925073946,3.8
PDD0441,E-commerce Growth,Age 41-50,2364.1763198777508,3.4
PDD0442,Sustainability Focus,Age 31-40,1547.8273315206502,3.4
PDD0443,E-commerce Growth,Age 20-30,1171.9304899811862,3.7
PDD0444,E-commerce Growth,Age 20-30,2920.490355709754,3.1
PDD0445,Tech Innovation,Age 31-40,3070.899476699669,1.0
PDD0446,Sustainability Focus,Age 41-50,1947.2884144809402,2.1
PDD0447,Tech Innovation,Age 31-40,1349.3614637848868,3.2
PDD0448,Tech Innovation,Age 20-30,3992.5983727589996,1.7
PDD0449,Sustainability Focus,Age 20-30,1265.9141989159866,3.0
PDD0450,Tech Innovation,Age 41-50,3429.5161959026505,1.0
PDD0451,Tech Innovation,Age 31-40,2435.2170620117963,1.7
PDD0452,Tech Innovation,Age 41-50,2077.3821808864564,2.5
PDD0453,Tech Innovation,Age 20-30,1952.6750933802314,3.0
PDD0454,E-commerce Growth,Age 31-40,1515.4541975109082,2.8
PDD0455,Sustainability Focus,Age 31-40,2140.4281200661394,3.0
PDD0456,Sustainability Focus,Age 41-50,3615.8280182363815,0.9
PDD0457,Tech Innovation,Age 20-30,2926.8665587986397,1.0
PDD0458,Sustainability Focus,Age 31-40,2992.0619628998943,3.5
PDD0459,E-commerce Growth,Age 41-50,1494.9357916690856,2.8
PDD0460,Tech Innovation,Age 20-30,1932.5347893524608,1.2
PDD0461,Tech Innovation,Age 20-30,2654.1521462385526,3.5
PDD0462,Tech Innovation,Age 20-30,4145.174038229722,1.7
PDD0463,E-commerce Growth,Age 41-50,2452.5546035846505,2.3
PDD0464,Sustainability Focus,Age 20-30,2085.9729931010147,1.4
PDD0465,E-commerce Growth,Age 41-50,2665.9269774268214,3.1
PDD0466,Sustainability Focus,Age 20-30,3582.866757450998,3.2
PDD0467,E-commerce Growth,Age 41-50,2605.8162154718225,1.6
PDD0468,E-commerce Growth,Age 41-50,3561.5725892334854,3.7
PDD0469,Tech Innovation,Age 31-40,3530.1013161343676,2.2
PDD0470,Tech Innovation,Age 41-50,1416.5134718527238,1.7
PDD0471,Tech Innovation,Age 31-40,3999.548487266482,1.3
PDD0472,E-commerce Growth,Age 20-30,3722.040643221187,1.9
PDD0473,E-commerce Growth,Age 20-30,2557.275768714765,0.9
PDD0474,Sustainability Focus,Age 41-50,1978.8473198180675,2.6
PDD0475,E-commerce Growth,Age 20-30,2848.0340776697994,3.6
PDD0476,Sustainability Focus,Age 20-30,4352.664361375304,2.5
PDD0477,Tech Innovation,Age 41-50,2401.5210679624547,1.4
PDD0478,Tech Innovation,Age 20-30,2242.536716080295,0.9
PDD0479,E-commerce Growth,Age 20-30,2290.012326834044,1.6
PDD0480,Sustainability Focus,Age 20-30,1220.667105521052,2.1
PDD0481,Sustainability Focus,Age 31-40,4166.861621167735,3.1
PDD0482,Tech Innovation,Age 20-30,3011.7933965831708,1.3
PDD0483,E-commerce Growth,Age 41-50,3872.370498881973,3.1
PDD0484,Sustainability Focus,Age 41-50,3361.4750770351498,3.4
PDD0485,Sustainability Focus,Age 20-30,4228.336654382727,2.2
PDD0486,Sustainability Focus,Age 41-50,3025.273156989114,3.4
PDD0487,Tech Innovation,Age 41-50,3703.09612519436,2.4
PDD0488,E-commerce Growth,Age 41-50,2432.4511595246513,2.7
PDD0489,Sustainability Focus,Age 41-50,1698.2110229988598,2.5
PDD0490,E-commerce Growth,Age 20-30,1123.3639265800523,2.3
PDD0491,Sustainability Focus,Age 41-50,2949.6716953243504,1.5
PDD0492,Tech Innovation,Age 31-40,3075.239498476498,1.8
PDD0493,E-commerce Growth,Age 31-40,1577.1299981077686,1.6
PDD0494,Sustainability Focus,Age 31-40,1345.7544499401495,2.7
PDD0495,Tech Innovation,Age 20-30,3046.147974478199,1.2
PDD0496,Tech Innovation,Age 41-50,3875.766431853655,3.7
PDD0497,Tech Innovation,Age 20-30,3366.717780237188,2.9
PDD0498,Sustainability Focus,Age 41-50,1305.5523030244326,2.1
PDD0499,Tech Innovation,Age 41-50,1938.3483391337134,1.3
PDD0500,Tech Innovation,Age 41-50,2738.043843077833,3.6
PDD0501,Tech Innovation,Age 41-50,3358.06989955019,3.5
PDD0502,Tech Innovation,Age 41-50,3078.4512178197638,3.1
PDD0503,Tech Innovation,Age 20-30,1249.7098338392789,1.7
PDD0504,Sustainability Focus,Age 20-30,3369.2203447314882,2.0
PDD0505,E-commerce Growth,Age 31-40,1133.7296586522339,1.1
PDD0506,Sustainability Focus,Age 20-30,1576.733175726545,1.4
PDD0507,Sustainability Focus,Age 31-40,1960.0340399023996,3.2
PDD0508,Sustainability Focus,Age 31-40,3148.2458920089093,3.2
PDD0509,E-commerce Growth,Age 41-50,1519.5417429377271,2.6
PDD0510,E-commerce Growth,Age 20-30,3037.8987166292477,3.7
PDD0511,Tech Innovation,Age 20-30,2303.2632794090814,2.7
PDD0512,E-commerce Growth,Age 41-50,1693.1987713151532,2.3
PDD0513,Sustainability Focus,Age 41-50,1722.7712642276663,2.0
PDD0514,Tech Innovation,Age 31-40,1403.722838284961,3.8
PDD0515,E-commerce Growth,Age 20-30,4012.6434115494562,1.0
PDD0516,Sustainability Focus,Age 20-30,3107.9104888351917,3.6
PDD0517,Tech Innovation,Age 31-40,1537.0538076752578,3.4
PDD0518,Tech Innovation,Age 31-40,1689.4210237430175,1.1
PDD0519,Tech Innovation,Age 31-40,3715.219389807805,2.6
PDD0520,Sustainability Focus,Age 41-50,1656.2829601765015,3.6
PDD0521,Tech Innovation,Age 31-40,1440.714605489852,2.6
PDD0522,Sustainability Focus,Age 31-40,2078.6137659290857,3.8
PDD0523,E-commerce Growth,Age 41-50,2996.215280808022,3.9
PDD0524,Tech Innovation,Age 31-40,1204.6218956046814,2.2
PDD0525,E-commerce Growth,Age 31-40,4191.104194525742,2.0
PDD0526,Tech Innovation,Age 20-30,1181.5604907563788,3.7
PDD0527,Tech Innovation,Age 31-40,3827.006894058258,3.0
PDD0528,Tech Innovation,Age 31-40,1767.8646266682856,1.1
PDD0529,Sustainability Focus,Age 41-50,4272.071783459205,0.9
PDD0530,E-commerce Growth,Age 31-40,2044.2313128932437,2.6
PDD0531,Tech Innovation,Age 20-30,2249.0421127123454,3.7
PDD0532,Tech Innovation,Age 20-30,1964.4865960629731,3.4
PDD0533,Sustainability Focus,Age 41-50,2864.7677766828647,3.1
PDD0534,Tech Innovation,Age 20-30,2455.9392607764157,1.1
PDD0535,Sustainability Focus,Age 41-50,2552.9515230880234,1.5
PDD0536,Tech Innovation,Age 20-30,1716.4099282817215,3.7
PDD0537,E-commerce Growth,Age 20-30,1627.08495967126,1.3
PDD0538,Sustainability Focus,Age 31-40,1838.8589492489614,1.8
PDD0539,Sustainability Focus,Age 41-50,3373.254932203328,1.1
PDD0540,Tech Innovation,Age 31-40,3625.9625912640145,3.0
PDD0541,E-commerce Growth,Age 41-50,1900.746496775244,3.9
PDD0542,Tech Innovation,Age 31-40,3953.3187791086207,1.6
PDD0543,Sustainability Focus,Age 20-30,1861.578704575075,2.5
PDD0544,Tech Innovation,Age 31-40,3919.2163298070013,2.8
PDD0545,E-commerce Growth,Age 20-30,1552.3434476871923,4.1
PDD0546,Sustainability Focus,Age 41-50,3154.6801932175686,1.1
PDD0547,E-commerce Growth,Age 41-50,1578.0465439607128,2.5
PDD0548,E-commerce Growth,Age 20-30,3110.162648764389,2.0
PDD0549,Sustainability Focus,Age 31-40,1404.4898751101875,3.8
PDD0550,E-commerce Growth,Age 20-30,3609.495072949129,2.4
PDD0551,Tech Innovation,Age 31-40,2678.010123977343,1.2
PDD0552,Sustainability Focus,Age 20-30,1487.928731057718,2.7
PDD0553,E-commerce Growth,Age 20-30,2255.547812920111,3.3
PDD0554,E-commerce Growth,Age 41-50,1945.1695045882916,0.8
PDD0555,Tech Innovation,Age 31-40,2258.0238057288466,3.5
PDD0556,Tech Innovation,Age 31-40,3522.774952216702,1.4
PDD0557,Tech Innovation,Age 20-30,3439.8939438151397,2.5
PDD0558,Tech Innovation,Age 31-40,4140.0382704450185,2.1
PDD0559,E-commerce Growth,Age 20-30,2834.9442397556504,3.1
PDD0560,E-commerce Growth,Age 20-30,3292.723621492072,1.9
PDD0561,E-commerce Growth,Age 31-40,4225.0701251227365,3.7
PDD0562,Sustainability Focus,Age 31-40,1342.5681724090593,3.1
PDD0563,E-commerce Growth,Age 20-30,1571.8100800469747,3.0
PDD0564,Sustainability Focus,Age 31-40,3869.6655337408706,3.4
PDD0565,E-commerce Growth,Age 31-40,1627.2010259761037,3.0
PDD0566,Tech Innovation,Age 31-40,2556.4084353963194,0.8
PDD0567,E-commerce Growth,Age 31-40,3721.4073672810664,2.2
PDD0568,Sustainability Focus,Age 41-50,1305.5912309543542,3.8
PDD0569,Tech Innovation,Age 41-50,2121.3616146227823,1.0
PDD0570,E-commerce Growth,Age 20-30,2453.760447898453,3.2
PDD0571,Sustainability Focus,Age 20-30,3344.5468054883836,3.8
PDD0572,E-commerce Growth,Age 41-50,2962.575830483685,0.8
PDD0573,Tech Innovation,Age 20-30,3427.3470052212165,3.1
PDD0574,Sustainability Focus,Age 41-50,1832.683222250369,2.3
PDD0575,Tech Innovation,Age 20-30,3894.4401882578377,2.7
PDD0576,Sustainability Focus,Age 31-40,1206.4942087454106,0.9
PDD0577,Tech Innovation,Age 31-40,1543.503906311354,0.8
PDD0578,Sustainability Focus,Age 41-50,3779.5135266142447,2.8
PDD0579,Sustainability Focus,Age 41-50,3423.5729434791,3.6
PDD0580,E-commerce Growth,Age 41-50,2832.631666941306,3.1
PDD0581,Tech Innovation,Age 41-50,2316.542024679081,2.7
PDD0582,E-commerce Growth,Age 31-40,2355.191636014912,1.0
PDD0583,Tech Innovation,Age 31-40,3234.1343440861187,2.9
PDD0584,Tech Innovation,Age 41-50,2922.5960645054975,1.6
PDD0585,E-commerce Growth,Age 41-50,1705.5959515607528,3.6
PDD0586,Sustainability Focus,Age 20-30,3792.925369965176,3.5
PDD0587,Tech Innovation,Age 31-40,3696.3018274851024,3.0
PDD0588,Sustainability Focus,Age 31-40,4109.1929252613945,3.8
PDD0589,Tech Innovation,Age 41-50,2336.0338151976357,0.8
PDD0590,E-commerce Growth,Age 20-30,2186.926057278215,3.2
PDD0591,Sustainability Focus,Age 31-40,2221.7312537594457,1.9
PDD0592,E-commerce Growth,Age 20-30,3948.447795495422,3.7
PDD0593,Tech Innovation,Age 20-30,2379.0517563288477,1.8
PDD0594,E-commerce Growth,Age 31-40,2344.532883772408,3.1
PDD0595,Tech Innovation,Age 31-40,1122.5067102889445,3.6
PDD0596,Sustainability Focus,Age 20-30,2459.823491817645,0.9
PDD0597,Sustainability Focus,Age 20-30,1709.7282427835996,2.0
PDD0598,E-commerce Growth,Age 31-40,3310.8777415540626,3.1
PDD0599,E-commerce Growth,Age 41-50,4168.6170190974035,2.3
PDD0600,Sustainability Focus,Age 20-30,3581.944348230948,1.8
PDD0601,E-commerce Growth,Age 31-40,3933.3860617567934,1.6
PDD0602,E-commerce Growth,Age 20-30,2470.499542618402,1.3
PDD0603,Sustainability Focus,Age 31-40,1624.3689422618475,3.4
PDD0604,Tech Innovation,Age 20-30,4075.0107067069616,2.7
PDD0605,E-commerce Growth,Age 20-30,1546.7566673714348,1.0
PDD0606,E-commerce Growth,Age 41-50,1253.1892078017552,2.0
PDD0607,Sustainability Focus,Age 20-30,2694.60545872762,2.1
PDD0608,Tech Innovation,Age 20-30,2123.911050978968,1.2
PDD0609,Tech Innovation,Age 20-30,1496.393181685569,2.2
PDD0610,E-commerce Growth,Age 31-40,2769.3823155692617,1.9
PDD0611,E-commerce Growth,Age 31-40,3422.749407281607,2.0
PDD0612,Tech Innovation,Age 31-40,1291.4727462765213,3.1
PDD0613,E-commerce Growth,Age 31-40,3992.014009298362,1.5
PDD0614,Tech Innovation,Age 20-30,1109.0647979220078,2.9
PDD0615,E-commerce Growth,Age 41-50,1380.7708439220607,2.6
PDD0616,E-commerce Growth,Age 20-30,4387.864307539985,2.6
PDD0617,Sustainability Focus,Age 20-30,3258.9685848441477,2.9
PDD0618,Tech Innovation,Age 41-50,4200.484450856199,2.5
PDD0619,Tech Innovation,Age 41-50,2874.1528768461167,3.8
PDD0620,E-commerce Growth,Age 41-50,2213.5451372303846,3.0
PDD0621,Sustainability Focus,Age 41-50,1618.5322675399536,2.6
PDD0622,Tech Innovation,Age 41-50,1617.5042162740024,3.4
PDD0623,E-commerce Growth,Age 41-50,1340.0693850582265,2.7
PDD0624,E-commerce Growth,Age 31-40,1205.9096942854765,1.8
PDD0625,Sustainability Focus,Age 41-50,4279.744462941346,1.5
PDD0626,Tech Innovation,Age 41-50,3768.532582134815,1.3
PDD0627,Tech Innovation,Age 41-50,1952.8638015288816,3.7
PDD0628,E-commerce Growth,Age 41-50,2092.519575155164,3.0
PDD0629,E-commerce Growth,Age 41-50,2286.431597734725,3.7
PDD0630,Sustainability Focus,Age 31-40,4359.801950373008,2.8
PDD0631,Tech Innovation,Age 31-40,2355.8912469400984,2.3
PDD0632,Tech Innovation,Age 31-40,1582.9343348129955,1.1
PDD0633,Sustainability Focus,Age 20-30,1930.3949677640762,3.0
PDD0634,Tech Innovation,Age 41-50,3482.7741939536213,2.8
PDD0635,Sustainability Focus,Age 31-40,3128.3556633805147,4.0
PDD0636,Tech Innovation,Age 41-50,1896.2000817551568,1.5
PDD0637,Sustainability Focus,Age 41-50,4142.788062426835,2.6
PDD0638,Sustainability Focus,Age 31-40,3838.0147491476305,2.8
PDD0639,E-commerce Growth,Age 31-40,1418.6092219303127,3.0
PDD0640,Tech Innovation,Age 41-50,2461.218981804534,2.6
PDD0641,E-commerce Growth,Age 41-50,2198.448431617473,3.4
PDD0642,Sustainability Focus,Age 20-30,3169.512615056157,1.3
PDD0643,Sustainability Focus,Age 31-40,1916.8815905629901,3.2
PDD0644,Sustainability Focus,Age 41-50,3646.688014920078,2.7
PDD0645,Tech Innovation,Age 20-30,2727.2167216185317,3.4
PDD0646,E-commerce Growth,Age 41-50,3451.5018932133867,3.6
PDD0647,Sustainability Focus,Age 31-40,3870.2465330796576,1.8
PDD0648,Tech Innovation,Age 41-50,1634.3135767114513,1.8
PDD0649,Sustainability Focus,Age 31-40,1927.913582099975,3.9
PDD0650,Sustainability Focus,Age 20-30,1522.3022235617684,2.5
PDD0651,Sustainability Focus,Age 41-50,1435.483070572151,3.8
PDD0652,Sustainability Focus,Age 31-40,2073.1762217126384,1.4
PDD0653,E-commerce Growth,Age 20-30,1127.4127562991905,2.8
PDD0654,Sustainability Focus,Age 20-30,1974.8196640420476,3.4
PDD0655,Sustainability Focus,Age 31-40,2809.584090080138,3.9
PDD0656,E-commerce Growth,Age 41-50,2281.046816648368,1.6
PDD0657,E-commerce Growth,Age 31-40,2408.7081487491378,3.2
PDD0658,Sustainability Focus,Age 20-30,2888.9681108098544,2.7
PDD0659,E-commerce Growth,Age 31-40,2534.8544003787533,1.0
PDD0660,E-commerce Growth,Age 20-30,2828.973390114346,3.0
PDD0661,E-commerce Growth,Age 20-30,1252.6919948374345,3.1
PDD0662,E-commerce Growth,Age 20-30,2318.645349635469,3.9
PDD0663,Sustainability Focus,Age 20-30,4136.211999732421,2.4
PDD0664,Tech Innovation,Age 41-50,1670.5483859862734,1.5
PDD0665,Tech Innovation,Age 20-30,2766.350842162434,0.9
PDD0666,Sustainability Focus,Age 20-30,3178.2078917782164,2.1
PDD0667,Tech Innovation,Age 20-30,2275.095995861251,1.8
PDD0668,E-commerce Growth,Age 31-40,3239.2899163227166,3.2
PDD0669,Tech Innovation,Age 41-50,2030.9901492764875,1.7
PDD0670,Sustainability Focus,Age 20-30,2648.632703486858,3.8
PDD0671,Tech Innovation,Age 31-40,2047.9161362156435,4.0
PDD0672,Sustainability Focus,Age 20-30,3370.3861563574274,2.8
PDD0673,Tech Innovation,Age 41-50,2320.4977749396867,3.5
PDD0674,E-commerce Growth,Age 41-50,1539.3255088895278,3.4
PDD0675,E-commerce Growth,Age 41-50,2312.7540456318225,2.5
PDD0676,E-commerce Growth,Age 41-50,3870.0274473676204,1.3
PDD0677,Tech Innovation,Age 31-40,3354.38211077571,2.3
PDD0678,Tech Innovation,Age 41-50,2716.53652614859,2.5
PDD0679,Tech Innovation,Age 31-40,1416.61851543972,3.4
PDD0680,E-commerce Growth,Age 31-40,1222.526436806182,2.3
PDD0681,Tech Innovation,Age 41-50,2636.367057078314,3.8
PDD0682,Tech Innovation,Age 31-40,3400.6201310085175,2.9
PDD0683,Sustainability Focus,Age 31-40,4247.865277378361,1.2
PDD0684,E-commerce Growth,Age 41-50,2090.142216966342,3.9
PDD0685,Tech Innovation,Age 20-30,4121.318171026656,2.4
PDD0686,Sustainability Focus,Age 20-30,4360.811168994425,2.0
PDD0687,Sustainability Focus,Age 31-40,4117.705913867836,2.9
PDD0688,Sustainability Focus,Age 41-50,4239.7102250537855,1.1
PDD0689,E-commerce Growth,Age 41-50,1629.5325502665924,2.9
PDD0690,Sustainability Focus,Age 41-50,2381.4264539404667,2.6
PDD0691,E-commerce Growth,Age 20-30,3868.0630409509695,2.2
PDD0692,Sustainability Focus,Age 31-40,3480.749163536089,3.7
PDD0693,Tech Innovation,Age 41-50,3334.421606406807,2.5
PDD0694,E-commerce Growth,Age 31-40,2633.9140738413803,1.6
PDD0695,E-commerce Growth,Age 41-50,3637.7553223560367,2.2
PDD0696,Tech Innovation,Age 41-50,2765.4461790242976,3.6
PDD0697,Sustainability Focus,Age 41-50,1732.0633145995005,1.3
PDD0698,E-commerce Growth,Age 31-40,3772.3171502916225,1.3
PDD0699,E-commerce Growth,Age 20-30,4232.483029684294,0.9
PDD0700,E-commerce Growth,Age 20-30,2356.1932884465114,0.8
PDD0701,E-commerce Growth,Age 31-40,3546.242680847962,3.4
PDD0702,E-commerce Growth,Age 41-50,3367.7270839688676,3.2
PDD0703,Tech Innovation,Age 20-30,1906.697564594505,1.8
PDD0704,E-commerce Growth,Age 20-30,1607.4955000830637,3.0
PDD0705,E-commerce Growth,Age 31-40,2843.7098956634736,2.0
PDD0706,Tech Innovation,Age 31-40,1974.453390204208,3.9
PDD0707,Sustainability Focus,Age 31-40,3972.192786471601,4.0
PDD0708,E-commerce Growth,Age 41-50,3402.8845744578807,2.1
PDD0709,Tech Innovation,Age 41-50,4355.587861992904,3.6
PDD0710,Tech Innovation,Age 31-40,4396.668026411798,3.2
PDD0711,Sustainability Focus,Age 31-40,2238.234221912875,1.8
PDD0712,E-commerce Growth,Age 20-30,3486.1589878712844,1.4
PDD0713,E-commerce Growth,Age 20-30,3121.164586446361,2.2
PDD0714,Sustainability Focus,Age 31-40,3573.443106824656,3.2
PDD0715,Tech Innovation,Age 31-40,1619.7334898589172,3.8
PDD0716,Tech Innovation,Age 31-40,1613.018772963974,3.3
PDD0717,Tech Innovation,Age 20-30,4214.271370324759,3.6
PDD0718,Sustainability Focus,Age 20-30,1596.6822463501162,2.9
PDD0719,Sustainability Focus,Age 41-50,4098.8790424838235,3.5
PDD0720,Tech Innovation,Age 20-30,4214.176897987608,3.5
PDD0721,E-commerce Growth,Age 20-30,3714.3355303430467,2.0
PDD0722,E-commerce Growth,Age 31-40,4081.0891931764045,2.7
PDD0723,Tech Innovation,Age 31-40,3195.695159862041,3.4
PDD0724,E-commerce Growth,Age 41-50,2514.3419786876375,1.0
PDD0725,Tech Innovation,Age 31-40,3907.198681620141,3.3
PDD0726,Tech Innovation,Age 31-40,2209.551683076388,1.4
PDD0727,E-commerce Growth,Age 20-30,3990.2299860774606,2.5
PDD0728,E-commerce Growth,Age 31-40,3984.7698937511595,3.2
PDD0729,Sustainability Focus,Age 20-30,3548.99691891926,1.7
PDD0730,E-commerce Growth,Age 20-30,4175.240455425317,1.5
PDD0731,E-commerce Growth,Age 31-40,3903.897695948965,2.2
PDD0732,E-commerce Growth,Age 31-40,1731.5486300888404,3.7
PDD0733,E-commerce Growth,Age 20-30,2721.008362672457,0.9
PDD0734,Tech Innovation,Age 41-50,2588.567181032103,3.6
PDD0735,E-commerce Growth,Age 31-40,2073.431630344086,1.2
PDD0736,Tech Innovation,Age 20-30,4352.039528103375,4.1
PDD0737,Tech Innovation,Age 20-30,3412.4779133935554,3.7
PDD0738,Sustainability Focus,Age 31-40,1201.7325144553386,2.3
PDD0739,Tech Innovation,Age 20-30,4314.223652556007,2.5
PDD0740,E-commerce Growth,Age 31-40,4096.422390784282,2.3
PDD0741,Sustainability Focus,Age 41-50,4096.275799059054,2.8
PDD0742,Sustainability Focus,Age 41-50,1496.4861395896294,1.2
PDD0743,Sustainability Focus,Age 20-30,2922.473369634961,0.9
PDD0744,Tech Innovation,Age 31-40,2963.787444297569,1.0
PDD0745,Tech Innovation,Age 31-40,1949.9494075200707,2.2
PDD0746,Tech Innovation,Age 41-50,2575.4885957969495,1.7
PDD0747,Sustainability Focus,Age 41-50,3696.593977908618,2.8
PDD0748,Tech Innovation,Age 31-40,3431.4247701097006,3.9
PDD0749,Tech Innovation,Age 20-30,3055.1215222901765,2.1
PDD0750,Sustainability Focus,Age 31-40,3413.9237436920666,2.7
PDD0751,Sustainability Focus,Age 20-30,1862.7140378920574,2.2
PDD0752,E-commerce Growth,Age 20-30,2117.862829180573,3.6
PDD0753,Sustainability Focus,Age 31-40,2721.139053821163,3.6
PDD0754,Sustainability Focus,Age 31-40,3543.715939292137,3.5
PDD0755,Sustainability Focus,Age 41-50,4209.3657009106,4.0
PDD0756,E-commerce Growth,Age 41-50,1123.268555447185,0.9
PDD0757,E-commerce Growth,Age 41-50,2209.8695636318284,3.5
PDD0758,E-commerce Growth,Age 20-30,3200.177067286635,3.2
PDD0759,Sustainability Focus,Age 41-50,4120.551915895276,1.5
PDD0760,E-commerce Growth,Age 31-40,2154.3133904682977,3.9
PDD0761,Sustainability Focus,Age 20-30,1201.9240252302698,1.3
PDD0762,Tech Innovation,Age 41-50,3401.009438996785,2.8
PDD0763,E-commerce Growth,Age 31-40,4062.6571449258677,1.6
PDD0764,Tech Innovation,Age 31-40,3515.2390715542856,2.2
PDD0765,Sustainability Focus,Age 41-50,4119.334524486168,3.0
PDD0766,Tech Innovation,Age 31-40,3478.0031503550663,2.5
PDD0767,E-commerce Growth,Age 31-40,1266.2708806538292,2.2
PDD0768,E-commerce Growth,Age 31-40,2907.2947776073183,2.0
PDD0769,Sustainability Focus,Age 41-50,3850.7886515630203,3.3
PDD0770,E-commerce Growth,Age 31-40,3829.13715622947,1.3
PDD0771,Tech Innovation,Age 20-30,1688.0434951982734,2.1
PDD0772,Tech Innovation,Age 31-40,4123.738436084006,3.7
PDD0773,E-commerce Growth,Age 31-40,1673.6876747804401,3.5
PDD0774,E-commerce Growth,Age 41-50,1384.0214710698579,2.0
PDD0775,Sustainability Focus,Age 31-40,2716.468630015506,3.3
PDD0776,Tech Innovation,Age 41-50,2887.672882860703,3.4
PDD0777,E-commerce Growth,Age 41-50,1612.0016578245695,3.8
PDD0778,Tech Innovation,Age 41-50,2689.920616637764,2.7
PDD0779,Sustainability Focus,Age 41-50,3317.0308172248883,1.4
PDD0780,Tech Innovation,Age 31-40,2165.886457439898,1.5
PDD0781,Sustainability Focus,Age 31-40,3880.6736203010746,1.8
PDD0782,Tech Innovation,Age 41-50,2765.4178927551498,2.9
PDD0783,Sustainability Focus,Age 41-50,2773.7993696665594,0.8
PDD0784,E-commerce Growth,Age 41-50,1479.8024584880866,2.8
PDD0785,E-commerce Growth,Age 41-50,3576.7447306071676,2.0
PDD0786,Sustainability Focus,Age 31-40,1183.8746643039026,1.8
PDD0787,Tech Innovation,Age 20-30,3655.1664896887346,3.7
PDD0788,Tech Innovation,Age 31-40,3661.221049022943,2.2
PDD0789,Tech Innovation,Age 41-50,1135.2567357279413,1.1
PDD0790,E-commerce Growth,Age 41-50,2690.5334508381097,3.5
PDD0791,E-commerce Growth,Age 41-50,2774.6596634566936,0.6
PDD0792,Tech Innovation,Age 41-50,4289.7767126609115,3.3
PDD0793,E-commerce Growth,Age 20-30,3828.909380184975,3.3
PDD0794,E-commerce Growth,Age 41-50,4270.526048606662,1.9
PDD0795,E-commerce Growth,Age 20-30,1195.003398788844,3.6
PDD0796,Sustainability Focus,Age 31-40,2779.072304719756,2.4
PDD0797,Sustainability Focus,Age 20-30,1300.5189400210525,2.6
PDD0798,E-commerce Growth,Age 31-40,1460.4625639429912,1.0
PDD0799,E-commerce Growth,Age 20-30,3787.8957093527542,1.8
PDD0800,E-commerce Growth,Age 41-50,2011.328981057628,3.8
PDD0801,Tech Innovation,Age 20-30,3803.5382094994243,2.0
PDD0802,Sustainability Focus,Age 41-50,3986.107334217603,2.4
PDD0803,Tech Innovation,Age 20-30,3867.8436929846725,2.4
PDD0804,E-commerce Growth,Age 31-40,3568.9627864624777,2.8
PDD0805,E-commerce Growth,Age 20-30,1391.3027527316242,0.9
PDD0806,Tech Innovation,Age 20-30,2275.5633502968217,1.8
PDD0807,E-commerce Growth,Age 31-40,1118.4697063300594,3.1
PDD0808,Sustainability Focus,Age 20-30,1341.1057330258518,1.5
PDD0809,Sustainability Focus,Age 31-40,2843.3555612799328,1.4
PDD0810,E-commerce Growth,Age 20-30,2123.2467755288526,0.9
PDD0811,Sustainability Focus,Age 31-40,3040.868006633126,2.3
PDD0812,E-commerce Growth,Age 31-40,3246.745359777397,3.7
PDD0813,E-commerce Growth,Age 41-50,4125.748593298709,0.9
PDD0814,E-commerce Growth,Age 31-40,2026.1410487323067,1.4
PDD0815,Sustainability Focus,Age 31-40,2515.12757902708,1.8
PDD0816,Tech Innovation,Age 41-50,3122.3161647150987,3.1
PDD0817,Sustainability Focus,Age 41-50,3905.9067764530264,2.8
PDD0818,Sustainability Focus,Age 31-40,2586.8093616828833,2.3
PDD0819,Tech Innovation,Age 41-50,3399.7139775462565,3.2
PDD0820,Sustainability Focus,Age 31-40,2826.585649720098,2.8
PDD0821,E-commerce Growth,Age 31-40,2035.76175955699,3.6
PDD0822,Sustainability Focus,Age 20-30,1140.176141586396,3.6
PDD0823,E-commerce Growth,Age 31-40,1142.178782941052,1.4
PDD0824,E-commerce Growth,Age 41-50,1553.55990096648,1.8
PDD0825,Sustainability Focus,Age 20-30,1809.6554859419227,1.0
PDD0826,Tech Innovation,Age 20-30,3416.593281877593,1.7
PDD0827,Sustainability Focus,Age 41-50,2141.89345489299,4.0
PDD0828,Sustainability Focus,Age 41-50,1542.858499186523,2.0
PDD0829,Sustainability Focus,Age 20-30,3823.026638037911,1.5
PDD0830,E-commerce Growth,Age 41-50,2541.8822782300267,3.1
PDD0831,E-commerce Growth,Age 41-50,2908.0189093740873,2.5
PDD0832,Tech Innovation,Age 31-40,3035.0694539680812,1.3
PDD0833,Tech Innovation,Age 41-50,4200.504161618514,2.0
PDD0834,Sustainability Focus,Age 31-40,4032.4035594120164,2.2
PDD0835,Tech Innovation,Age 41-50,1975.8841802787283,3.2
PDD0836,Sustainability Focus,Age 41-50,3668.310065627805,0.8
PDD0837,E-commerce Growth,Age 41-50,1216.4893313799853,1.8
PDD0838,Sustainability Focus,Age 41-50,1287.3229365486718,2.3
PDD0839,Sustainability Focus,Age 20-30,4013.1694961516937,1.4
PDD0840,Sustainability Focus,Age 20-30,3495.1821492634235,2.6
PDD0841,Sustainability Focus,Age 41-50,3147.715579064287,2.3
PDD0842,Tech Innovation,Age 20-30,2854.972606379104,2.0
PDD0843,Sustainability Focus,Age 41-50,3252.1992682362666,3.6
PDD0844,E-commerce Growth,Age 41-50,2025.7947124619986,2.8
PDD0845,Sustainability Focus,Age 31-40,3438.265963828762,1.2
PDD0846,E-commerce Growth,Age 31-40,2937.505225340487,2.6
PDD0847,Tech Innovation,Age 41-50,1368.9651252404922,3.1
PDD0848,Sustainability Focus,Age 20-30,1105.209231189703,3.3
PDD0849,E-commerce Growth,Age 20-30,2044.505806351493,1.4
PDD0850,Sustainability Focus,Age 41-50,3900.9165581141374,3.8
PDD0851,Sustainability Focus,Age 20-30,2583.8250750574707,2.3
PDD0852,Tech Innovation,Age 41-50,4171.9784502314005,1.4
PDD0853,E-commerce Growth,Age 31-40,3340.5139160051253,1.2
PDD0854,E-commerce Growth,Age 20-30,2960.264058725203,1.0
PDD0855,E-commerce Growth,Age 20-30,2721.412537199404,3.3
PDD0856,Sustainability Focus,Age 31-40,3837.905599289163,1.2
PDD0857,Tech Innovation,Age 41-50,4102.828203519154,1.3
PDD0858,Sustainability Focus,Age 20-30,2066.5389951377597,3.7
PDD0859,Tech Innovation,Age 31-40,4114.467110739463,2.0
PDD0860,Tech Innovation,Age 20-30,3022.64388499713,0.7
PDD0861,E-commerce Growth,Age 31-40,1276.158225094159,0.9
PDD0862,Tech Innovation,Age 20-30,2388.9104392117124,1.2
PDD0863,E-commerce Growth,Age 41-50,3764.0807621112913,1.6
PDD0864,Sustainability Focus,Age 20-30,3054.9820675765395,3.0
PDD0865,Sustainability Focus,Age 31-40,3008.382996452444,1.4
PDD0866,Tech Innovation,Age 41-50,1441.5883957828737,1.3
PDD0867,E-commerce Growth,Age 20-30,3985.3584941683694,3.2
PDD0868,E-commerce Growth,Age 31-40,3861.2811227676975,2.9
PDD0869,Sustainability Focus,Age 31-40,1553.4943988682974,2.0
PDD0870,Tech Innovation,Age 41-50,4357.204874131651,2.6
PDD0871,E-commerce Growth,Age 20-30,1409.3068471449012,1.7
PDD0872,E-commerce Growth,Age 41-50,2052.829721815582,2.4
PDD0873,Tech Innovation,Age 31-40,1973.520105913955,2.5
PDD0874,Sustainability Focus,Age 31-40,4246.695118236324,2.2
PDD0875,E-commerce Growth,Age 20-30,2713.4810040675275,3.7
PDD0876,E-commerce Growth,Age 31-40,3365.344973246853,0.9
PDD0877,Tech Innovation,Age 41-50,4392.069165639753,3.3
PDD0878,Tech Innovation,Age 31-40,4185.777217398547,1.2
PDD0879,E-commerce Growth,Age 20-30,2589.931173974321,3.3
PDD0880,E-commerce Growth,Age 20-30,1347.416601346075,2.9
PDD0881,Tech Innovation,Age 31-40,4387.869631528393,3.4
PDD0882,Tech Innovation,Age 41-50,3911.7075984693934,1.1
PDD0883,E-commerce Growth,Age 20-30,3129.791209097884,2.4
PDD0884,Tech Innovation,Age 31-40,4071.846101243343,2.4
PDD0885,E-commerce Growth,Age 31-40,1348.6018407342121,3.0
PDD0886,Tech Innovation,Age 31-40,2585.270155361831,2.5
PDD0887,E-commerce Growth,Age 41-50,2005.355040158113,2.5
PDD0888,E-commerce Growth,Age 41-50,2308.135234127597,2.1
PDD0889,Tech Innovation,Age 41-50,3226.332261431626,1.8
PDD0890,Sustainability Focus,Age 20-30,2928.7199935188637,2.3
PDD0891,E-commerce Growth,Age 31-40,1639.2942961085155,1.4
PDD0892,Sustainability Focus,Age 41-50,2880.041255353506,3.8
PDD0893,Sustainability Focus,Age 20-30,3749.4445984135227,3.1
PDD0894,Tech Innovation,Age 20-30,2669.137783218845,4.0
PDD0895,E-commerce Growth,Age 20-30,1219.071746018436,1.5
PDD0896,Sustainability Focus,Age 20-30,2406.360171695153,3.6
PDD0897,E-commerce Growth,Age 41-50,1651.157329315135,3.4
PDD0898,E-commerce Growth,Age 20-30,4191.379055631825,2.9
PDD0899,Sustainability Focus,Age 41-50,4003.9771163927767,2.8
PDD0900,Sustainability Focus,Age 41-50,3271.837316511517,1.8
PDD0901,E-commerce Growth,Age 41-50,2229.618568841122,3.6
PDD0902,Sustainability Focus,Age 31-40,1337.3369402880885,2.4
PDD0903,Sustainability Focus,Age 41-50,3249.876659569299,1.0
PDD0904,E-commerce Growth,Age 20-30,2566.387762007935,1.8
PDD0905,Sustainability Focus,Age 31-40,2068.5606648697167,3.8
PDD0906,Sustainability Focus,Age 31-40,2518.6059627990007,3.7
PDD0907,E-commerce Growth,Age 31-40,1807.3869321444336,3.9
PDD0908,Sustainability Focus,Age 41-50,1151.261964989272,2.7
PDD0909,Tech Innovation,Age 41-50,3380.9619567411105,1.8
PDD0910,E-commerce Growth,Age 31-40,2590.8746224992924,1.4
PDD0911,Tech Innovation,Age 20-30,1518.6922005130368,1.3
PDD0912,E-commerce Growth,Age 31-40,2402.4536219222095,0.9
PDD0913,Tech Innovation,Age 41-50,1809.8787739422216,2.0
PDD0914,Tech Innovation,Age 41-50,3363.9584651571868,1.4
PDD0915,Sustainability Focus,Age 20-30,2116.3647399149836,2.2
PDD0916,E-commerce Growth,Age 20-30,3866.071401159724,3.9
PDD0917,E-commerce Growth,Age 31-40,2682.113581022446,2.1
PDD0918,Sustainability Focus,Age 41-50,3935.3081354440114,3.6
PDD0919,Sustainability Focus,Age 31-40,2517.4540997921004,2.8
PDD0920,Tech Innovation,Age 20-30,1993.7115640168784,1.6
PDD0921,E-commerce Growth,Age 31-40,3938.7743898315507,2.0
PDD0922,Sustainability Focus,Age 31-40,1542.3476466881448,1.1
PDD0923,Sustainability Focus,Age 41-50,2525.1015660096778,1.8
PDD0924,Tech Innovation,Age 41-50,3874.3936611801364,2.9
PDD0925,Tech Innovation,Age 41-50,1416.4105674621119,1.1
PDD0926,Sustainability Focus,Age 31-40,2954.3678267144837,1.2
PDD0927,Tech Innovation,Age 41-50,3326.2899705860555,1.9
PDD0928,E-commerce Growth,Age 41-50,4066.3416390025254,3.8
PDD0929,Tech Innovation,Age 20-30,1553.3607102422077,3.4
PDD0930,E-commerce Growth,Age 41-50,4346.163689489283,3.3
PDD0931,Sustainability Focus,Age 20-30,2764.972820570523,1.1
PDD0932,Sustainability Focus,Age 31-40,3843.8095493456453,3.6
PDD0933,Tech Innovation,Age 31-40,3967.3194462362567,3.4
PDD0934,Sustainability Focus,Age 41-50,2669.0254296795442,2.7
PDD0935,Tech Innovation,Age 20-30,2812.5340856715993,4.1
PDD0936,Tech Innovation,Age 41-50,3876.252077560332,1.8
PDD0937,Tech Innovation,Age 20-30,1411.4408602480858,3.8
PDD0938,Tech Innovation,Age 41-50,2779.1987661373255,3.8
PDD0939,E-commerce Growth,Age 20-30,4269.60772450189,0.7
PDD0940,E-commerce Growth,Age 20-30,2317.0211698391868,2.1
PDD0941,Sustainability Focus,Age 31-40,4001.515779261588,3.8
PDD0942,Tech Innovation,Age 20-30,3630.7643478118202,1.1
PDD0943,Sustainability Focus,Age 31-40,2773.7829239883285,2.6
PDD0944,Tech Innovation,Age 41-50,3090.5118512082913,3.9
PDD0945,Sustainability Focus,Age 41-50,4037.324964761492,2.4
PDD0946,E-commerce Growth,Age 20-30,2712.9971054158295,1.5
PDD0947,Sustainability Focus,Age 31-40,3869.4708006633614,2.8
PDD0948,Tech Innovation,Age 31-40,3515.0559710473713,1.4
PDD0949,Tech Innovation,Age 41-50,1482.2745512539163,2.6
PDD0950,Sustainability Focus,Age 31-40,4320.671742660544,1.1
PDD0951,Sustainability Focus,Age 31-40,3118.597727860492,2.6
PDD0952,Tech Innovation,Age 41-50,1700.806454334667,2.4
PDD0953,Sustainability Focus,Age 31-40,1918.763976894151,3.2
PDD0954,E-commerce Growth,Age 41-50,2426.1648118138296,2.8
PDD0955,Tech Innovation,Age 31-40,2266.745173031202,2.3
PDD0956,Tech Innovation,Age 20-30,3393.753417062985,3.0
PDD0957,E-commerce Growth,Age 41-50,1102.9075409616835,1.2
PDD0958,Sustainability Focus,Age 41-50,2251.351704168699,2.9
PDD0959,E-commerce Growth,Age 41-50,1707.834116629142,1.4
PDD0960,Tech Innovation,Age 20-30,3518.6783235086978,3.7
PDD0961,E-commerce Growth,Age 41-50,2313.886352530659,1.0
PDD0962,Sustainability Focus,Age 20-30,4066.993534707383,2.2
PDD0963,Sustainability Focus,Age 31-40,4285.087281237429,3.0
PDD0964,Tech Innovation,Age 20-30,1860.2723591515705,2.2
PDD0965,Tech Innovation,Age 41-50,2785.1786905328986,1.1
PDD0966,E-commerce Growth,Age 20-30,1586.506762537052,2.6
PDD0967,Sustainability Focus,Age 20-30,4019.813839298635,2.7
PDD0968,E-commerce Growth,Age 20-30,3829.938620531422,2.9
PDD0969,Tech Innovation,Age 20-30,3689.791277480346,1.9
PDD0970,E-commerce Growth,Age 31-40,1523.5970077580755,2.5
PDD0971,Sustainability Focus,Age 31-40,3303.5946053908833,2.2
PDD0972,Tech Innovation,Age 31-40,3733.821918564421,3.0
PDD0973,E-commerce Growth,Age 41-50,2601.359118313425,2.7
PDD0974,E-commerce Growth,Age 20-30,4240.933880990686,2.5
PDD0975,Sustainability Focus,Age 31-40,2337.706634625315,1.6
PDD0976,Sustainability Focus,Age 41-50,2365.8653066725847,0.7
PDD0977,E-commerce Growth,Age 41-50,1962.7635613772366,1.2
PDD0978,Sustainability Focus,Age 20-30,3254.8477202406193,1.2
PDD0979,Tech Innovation,Age 20-30,1390.9147989266442,2.3
PDD0980,E-commerce Growth,Age 20-30,1996.319395519337,2.7
PDD0981,E-commerce Growth,Age 20-30,2502.0907482723046,1.4
PDD0982,Tech Innovation,Age 20-30,4172.144942214066,3.7
PDD0983,Sustainability Focus,Age 20-30,1277.5039017442737,0.8
PDD0984,Tech Innovation,Age 31-40,3875.630285708545,3.3
PDD0985,Tech Innovation,Age 31-40,1290.6242600739718,2.9
PDD0986,E-commerce Growth,Age 20-30,2370.857649187775,1.9
PDD0987,Tech Innovation,Age 41-50,1900.049606238245,0.9
PDD0988,Sustainability Focus,Age 31-40,4132.884351113265,2.8
PDD0989,E-commerce Growth,Age 20-30,2021.925332933449,1.9
PDD0990,Sustainability Focus,Age 31-40,3910.211280457617,3.8
PDD0991,Tech Innovation,Age 41-50,2585.53303887645,2.7
PDD0992,Tech Innovation,Age 41-50,1538.8904586280437,3.7
PDD0993,Sustainability Focus,Age 31-40,2117.3901374958245,1.5
PDD0994,E-commerce Growth,Age 20-30,3762.1109687489275,3.3
PDD0995,Tech Innovation,Age 20-30,3173.8651570857496,2.8
PDD0996,Tech Innovation,Age 20-30,1204.782671033086,3.2
PDD0997,Tech Innovation,Age 41-50,1520.148522537942,1.6
PDD0998,E-commerce Growth,Age 41-50,4212.353848773414,3.0
PDD0999,E-commerce Growth,Age 41-50,4340.717828743756,2.4
PDD1000,Tech Innovation,Age 41-50,3385.5413847311847,3.2
